﻿밀크티,,,커피,,,디저트,
상품명,가격(L),가격(J),상품명,가격(L),가격(J),상품명,가격
브라운슈가 쥬얼리 밀크티,5500,,아메리카노,3700,4200,레드벨벳 마들렌,2600
블랙 밀크티,4500,5600,카페라떼,4200,5300,그린 티 마들렌,2600
얼그레이 밀크티,4500,5600,바닐라 카페라떼,4500,5600,에그 듬뿍 브리오쉬,3800
우롱 밀크티,4500,5600,공차슈페너,4300,,호지티 크림번,4900
딸기 쥬얼리 밀크티,5300,,,,,핫치킨 브리또,3900
타로 밀크티,4500,5600,,,,치킨 치즈 브리또,3900
초콜렛 밀크티,4500,5600,,,,,
제주 그린 밀크티,4500,5600,,,,,
초당 옥수수 밀크티,5100,,,,,,
